Workbook

Sheet 📊 Dashboard
A1: ✦ CELESTIAL & INFERNAL FORCES — COMPREHENSIVE STRATEGIC MODEL ✦
A2: Eschatological Intelligence Unit · Classification: DIVINE/SENSITIVE · As of: End of Days (Projected)
A4: =COUNTA('👼 Angels'!B4:B120) -> 30 | E4: =COUNTA('😈 Demons'!B4:B120) -> 30 | I4: =(SUMIF('👼 Angels'!K4:K120,">0",'👼 Angels'!K4:K120)-SUMIF('😈 Demons'!J4:J120,">0",'😈 Demons'!J4:J120)) -> 93
A5: Total Angel Headcount | E5: Total Demon Headcount | I5: Net Light Advantage
A7: MODEL ASSUMPTIONS (blue = user inputs)
A8: Prayer Multiplier (per 1M prayers/day) | I8: 1.15
A9: Corruption Decay Rate (per century) | I9: 0.03
A10: Soul Intake Rate — Heaven (souls/day) | I10: 1200000
A11: Soul Intake Rate — Hell (souls/day) | I11: 850000
A12: Purgatorial Buffer (souls/day) | I12: 350000
A13: Angelic Reinforcement Cycle (years) | I13: 144000
A14: Demonic Spawn Rate (per fallen angel/millennium) | I14: 7
A15: Current Eschatological Phase (1=Seals, 2=Trumpets, 3=Bowls) | I15: 1
A18: SOUL ECONOMY — DAILY FLOW SUMMARY
A19: Souls entering Heaven/day | I19: =I11 -> 850000
A20: Souls entering Hell/day | I20: =I12 -> 350000
A21: Souls in Purgatory/day | I21: =I13 -> 144000
A22: Net Heaven Surplus/day | I22: =I11-I12 -> 500000
A23: Annualized Soul Balance | I23: =(I11-I12)*365 -> 182500000

Sheet 👼 Angels
A1: ANGELIC FORCES — COMPLETE ORDER OF BATTLE
A3: Rank # | B3: Name / Designation | C3: Choir (Sphere) | D3: Sphere Tier (1–3) | E3: Primary Domain | F3: Scriptural Source | G3: Wing Count | H3: Fire Eyes (Y/N) | I3: Known Aliases | J3: Current Assignment | K3: Power Index (1–100) | L3: Righteousness Score (1–10) | M3: Battle Rating | N3: Notes
A4: 1 | B4: Michael | C4: Seraphim | D4: 1 | E4: Warfare / Protection | F4: Daniel 10:13, Revelation 12:7 | G4: 6 | H4: Y | I4: Mikael, Micha-El | J4: Commander, Heavenly Host | K4: 100 | L4: 10 | M4: =K4*(L4/10) -> 100 | N4: Defeater of Satan; Prince of Israel
A5: 2 | B5: Gabriel | C5: Seraphim | D5: 1 | E5: Revelation / Annunciation | F5: Luke 1:19, Daniel 9:21 | G5: 6 | H5: Y | I5: Jibreel, Gavri'el | J5: Divine Messenger, Chief | K5: 98 | L5: 10 | M5: =K5*(L5/10) -> 98 | N5: Announced Incarnation to Mary
A6: 3 | B6: Raphael | C6: Cherubim | D6: 1 | E6: Healing / Travel | F6: Tobit 12:15 | G6: 4 | H6: N | I6: Azarias | J6: Guardian of Pilgrims & Healers | K6: 95 | L6: 10 | M6: =K6*(L6/10) -> 95 | N6: One of 7 who stand before God
A7: 4 | B7: Uriel | C7: Cherubim | D7: 1 | E7: Wisdom / Light | F7: 2 Esdras 4:1 | G7: 4 | H7: Y | I7: Auriel | J7: Regent of the Sun | K7: 93 | L7: 10 | M7: =K7*(L7/10) -> 93 | N7: Keeper of the Flaming Sword
A8: 5 | B8: Saraqael | C8: Cherubim | D8: 1 | E8: Souls / Sin | F8: 1 Enoch 20 | G8: 4 | H8: N | I8: Sariel, Suriel | J8: Overseer of Spirits Who Sin | K8: 88 | L8: 9 | M8: =K8*(L8/10) -> 79.2 | N8: Listed among 7 holy angels
A9: 6 | B9: Raguel | C9: Principalities | D9: 2 | E9: Justice / Harmony | F9: 1 Enoch 20 | G9: 2 | H9: N | I9: Raquel, Akrasiel | J9: Overseer of Good Angels | K9: 85 | L9: 9 | M9: =K9*(L9/10) -> 76.5 | N9: Takes vengeance on the world of luminaries
A10: 7 | B10: Remiel | C10: Principalities | D10: 2 | E10: Hope / Visions | F10: 1 Enoch 20 | G10: 2 | H10: N | I10: Hieremiel, Ramiel | J10: Hope of Those Asleep | K10: 84 | L10: 9 | M10: =K10*(L10/10) -> 75.6 | N10: Precides over visions; guide of souls
A11: 8 | B11: Chamuel | C11: Powers | D11: 2 | E11: Love / Relationships | F11: Apocryphal tradition | G11: 4 | H11: N | I11: Camael, Camiel | J11: Protector of Personal Relationships | K11: 80 | L11: 9 | M11: =K11*(L11/10) -> 72 | N11: Helps find lost people/objects
A12: 9 | B12: Jophiel | C12: Cherubim | D12: 1 | E12: Beauty / Wisdom | F12: Kabbalistic tradition | G12: 4 | H12: Y | I12: Iophiel, Zophiel | J12: Guardian of Eden Gates | K12: 82 | L12: 9 | M12: =K12*(L12/10) -> 73.8 | N12: Drove Adam & Eve from paradise
A13: 10 | B13: Azrael | C13: Archangels | D13: 3 | E13: Death / Transition | F13: Islamic/Jewish tradition | G13: 2 | H13: N | I13: Azra'il, Angel of Death | J13: Escorting Souls at Death | K13: 90 | L13: 9 | M13: =K13*(L13/10) -> 81 | N13: Has one foot in east, one in west
A14: 11 | B14: Metatron | C14: Seraphim | D14: 1 | E14: Record-keeping / Presence | F14: Talmud, 3 Enoch | G14: 6 | H14: Y | I14: Youth, Prince of Presence | J14: Celestial Scribe / Throne Guard | K14: 99 | L14: 10 | M14: =K14*(L14/10) -> 99 | N14: Formerly Enoch; highest of high
A15: 12 | B15: Sandalphon | C15: Seraphim | D15: 1 | E15: Prayer / Music | F15: Talmudic tradition | G15: 6 | H15: N | I15: Twin of Metatron | J15: Delivering Prayers to God | K15: 91 | L15: 10 | M15: =K15*(L15/10) -> 91 | N15: Formerly Elijah; collects prayers
... A33: 30 | B33: Verchiel | C33: Powers | D33: 2 | E33: Leo / Affection | F33: Apocryphal calendars | G33: 2 | H33: N | I33: Zerachiel | J33: Regent of Leo | K33: 73 | L33: 8 | M33: =K33*(L33/10) -> 58.4 | N33: Angel of affection and love of learning
A34: TOTALS | K34: =AVERAGE(K4:K33) -> 85.3 | L34: =AVERAGE(L4:L33) -> 9.1666667 | M34: =SUM(M4:M33) -> 2361.4

Sheet 😈 Demons
A1: INFERNAL FORCES — COMPLETE ORDER OF BATTLE
A3: Rank # | B3: Name / Designation | C3: Infernal Title | D3: Circle (Dante 1–9) | E3: Sin Domain | F3: Primary Source / Grimoire | G3: Summoning Difficulty (1–10) | H3: Known Weaknesses | I3: Preferred Victim Profile | J3: Corruption Index (1–100) | K3: Malice Score (1–10) | L3: Battle Rating | M3: Fallen From | N3: Notes
A4: 1 | B4: Lucifer/Satan | C4: Emperor of Hell | D4: 9 | E4: Pride | F4: Isaiah 14:12, Revelation 20 | G4: 10 | H4: The Name of God, Humility | I4: All humanity | J4: 100 | K4: 10 | L4: =J4*(K4/10) -> 100 | M4: Seraphim (Choir Leader) | N4: Adversary; Bearer of Light; covers all 9 circles
A5: 2 | B5: Beelzebub | C5: Lord of the Flies | D5: 6 | E5: Gluttony | F5: Matthew 12:24, Goetia | G5: 9 | H5: Fasting, Cleanliness | I5: The self-indulgent | J5: 97 | K5: 10 | L5: =J5*(K5/10) -> 97 | M5: Cherubim / Chief Prince | N5: Second-in-command; commander of flies and plague
A6: 3 | B6: Asmodeus | C6: Prince of Lust | D6: 2 | E6: Lust | F6: Tobit 3:8, Testament of Solomon | G6: 8 | H6: Sacred Marriage, Incense | I6: The lonely and frustrated | J6: 94 | K6: 9 | L6: =J6*(K6/10) -> 84.6 | M6: Cherubim (disputed) | N6: Killed 7 husbands of Sarah; bound by Raphael
A7: 4 | B7: Mammon | C7: Duke of Greed | D7: 4 | E7: Greed | F7: Matthew 6:24, Goetia | G7: 7 | H7: Generosity, Poverty vow | I7: Merchants, financiers | J7: 91 | K7: 9 | L7: =J7*(K7/10) -> 81.9 | M7: Principalities | N7: Wealth personified; Milton placed him in hell's construction
A8: 5 | B8: Leviathan | C8: Chancellor of Hell | D8: 7 | E8: Envy | F8: Isaiah 27:1, Job 41 | G8: 9 | H8: Holy Water, Light | I8: The covetous | J8: 95 | K8: 9 | L8: =J8*(K8/10) -> 85.5 | M8: Seraphim (Serpent form) | N8: Sea monster; signed Faust's contract with Mephistopheles
A9: 6 | B9: Belphegor | C9: Ambassador to France | D9: 5 | E9: Sloth | F9: Numbers 25:3, De Plancy | G9: 6 | H9: Constant Prayer, Labour | I9: The complacent | J9: 88 | K9: 8 | L9: =J9*(K9/10) -> 70.4 | M9: Principalities | N9: Seduces via laziness and genius inventions
A10: 7 | B10: Amon | C10: Marquis of Hell | D10: 8 | E10: Wrath | F10: Goetia #7 | G10: 7 | H10: Patience, Forgiveness | I10: The wrathful | J10: 85 | K10: 8 | L10: =J10*(K10/10) -> 68 | M10: Thrones | N10: Commands 40 legions; wolf with serpent tail
A11: 8 | B11: Mephistopheles | C11: Goetic Agent / Tempter | D11: 5 | E11: Deception | F11: Faust (Goethe/Marlowe) | G11: 8 | H11: True Name, Binding circles | I11: The desperate and clever | J11: 90 | K11: 9 | L11: =J11*(K11/10) -> 81 | M11: Dominions (disputed) | N11: Takes Faust's soul; name means 'he who loves not light'
A12: 9 | B12: Baal | C12: Commander-in-Chief | D12: 1 | E12: Idolatry | F12: 1 Kings 18:21, Goetia #1 | G12: 9 | H12: Monotheistic Oath | I12: The faithless | J12: 93 | K12: 9 | L12: =J12*(K12/10) -> 83.7 | M12: Cherubim | N12: Commands 66 legions; appears as cat, toad, or man
A13: 10 | B13: Agares | C13: Duke of Hell | D13: 1 | E13: Cowardice | F13: Goetia #2 | G13: 6 | H13: Courage vow | I13: The timid | J13: 72 | K13: 7 | L13: =J13*(K13/10) -> 50.4 | M13: Virtues | N13: Rides a crocodile; makes runaways return
A14: 11 | B14: Valefar | C14: Duke of Temptation | D14: 3 | E14: Theft | F14: Goetia #6 | G14: 5 | H14: Honesty, Restitution | I14: The opportunistic | J14: 70 | K14: 7 | L14: =J14*(K14/10) -> 49 | M14: Thrones | N14: Has good familiarity with thieves
A15: 12 | B15: Samael | C15: Angel of Death (Fallen) | D15: 7 | E15: Accusation | F15: Talmud, Midrash | G15: 8 | H15: Divine Decree | I15: The condemned | J15: 89 | K15: 9 | L15: =J15*(K15/10) -> 80.1 | M15: Archangels | N15: Chief accuser; husband of Lilith in some traditions
... A33: 30 | B33: Naberius | C33: Marquis of Hell | D33: 3 | E33: Rhetoric/Arts | F33: Goetia #24 | G33: 5 | H33: Silence, Plainspokenness | I33: Persuaders and lawyers | J33: 65 | K33: 6 | L33: =J33*(K33/10) -> 39 | M33: Virtues | N33: Appears as black crane; makes men cunning in arts
A34: TOTALS | J34: =AVERAGE(J4:J33) -> 82.3 | K34: =AVERAGE(K4:K33) -> 8.0333333 | L34: =SUM(L4:L33) -> 2022.7

Sheet ⚔️ Force Comparison
A1: FORCE COMPARISON — HEAVEN vs. HELL
A3: Metric | B3: Heaven | C3: Hell | D3: Delta (H−L) | E3: Winner | F3: Notes
A4: Total Entities on Roster | B4: =COUNTA('👼 Angels'!B4:B120) -> 30 | C4: =COUNTA('😈 Demons'!B4:B120) -> 30 | D4: =B4-C4 -> 0 | E4: =IF(D4>0,"✦ HEAVEN",IF(D4<0,"✶ HELL","TIE")) -> TIE | F4: Angel count vs Demon count
A5: Average Power / Corruption Index | B5: =AVERAGE('👼 Angels'!K4:K120) -> 85.3 | C5: =AVERAGE('😈 Demons'!J4:J120) -> 82.3 | D5: =B5-C5 -> 3 | E5: =IF(D5>0,"✦ HEAVEN",IF(D5<0,"✶ HELL","TIE")) -> ✦ HEAVEN | F5: Higher is stronger
A6: Average Righteousness / Malice Score | B6: =AVERAGE('👼 Angels'!L4:L120) -> 9.1666667 | C6: =AVERAGE('😈 Demons'!K4:K120) -> 8.0333333 | D6: =B6-C6 -> 1.1333333 | E6: =IF(D6>0,"✦ HEAVEN",IF(D6<0,"✶ HELL","TIE")) -> ✦ HEAVEN | F6: Alignment purity measure
A7: Total Battle Rating Points | B7: =SUM('👼 Angels'!M4:M120) -> 4722.8 | C7: =SUM('😈 Demons'!L4:L120) -> 4045.4 | D7: =B7-C7 -> 677.4 | E7: =IF(D7>0,"✦ HEAVEN",IF(D7<0,"✶ HELL","TIE")) -> ✦ HEAVEN | F7: Aggregate combat capability
A8: Peak Entity Power (Max) | B8: =MAX('👼 Angels'!K4:K120) -> 100 | C8: =MAX('😈 Demons'!J4:J120) -> 100 | D8: =B8-C8 -> 0 | E8: =IF(D8>0,"✦ HEAVEN",IF(D8<0,"✶ HELL","TIE")) -> TIE | F8: Most powerful single entity
A9: Tier 1 Entities (Sphere 1 / Circle 9) | B9: =COUNTIF('👼 Angels'!D4:D120,1) -> 14 | C9: =COUNTIF('😈 Demons'!D4:D120,9) -> 2 | D9: =B9-C9 -> 12 | E9: =IF(D9>0,"✦ HEAVEN",IF(D9<0,"✶ HELL","TIE")) -> ✦ HEAVEN | F9: Elite-tier count
A10: Soul Intake Rate (day) | B10: ='📊 Dashboard'!I11 -> 850000 | C10: ='📊 Dashboard'!I12 -> 350000 | D10: =B10-C10 -> 500000 | E10: =IF(D10>0,"✦ HEAVEN",IF(D10<0,"✶ HELL","TIE")) -> ✦ HEAVEN | F10: Daily souls captured
A11: Projected Souls (Year 1) | B11: ='📊 Dashboard'!I11*365 -> 310250000 | C11: ='📊 Dashboard'!I12*365 -> 127750000 | D11: =B11-C11 -> 182500000 | E11: =IF(D11>0,"✦ HEAVEN",IF(D11<0,"✶ HELL","TIE")) -> ✦ HEAVEN | F11: Annualized soul volume

Sheet 💀 Soul Economy
A1: SOUL ECONOMY — MULTI-CENTURY FLOW MODEL
A2: Projected soul flows (by century) with eschatological phase adjustments
A4: Flow Category | B4: Base Rate (day) | C4: Century Growth % | D4: 1st Century | E4: 2nd Century | F4: 3rd Century | G4: 4th Century | H4: 5th Century | I4: 6th Century | J4: 7th Century | K4: 8th Century | L4: 9th Century | M4: 10th Century
A5: Heaven Intake (souls/day) | B5: ='📊 Dashboard'!I11 -> 850000 | C5: 0.02 | D5: =B5*(1+C5)^1 -> 867000 | E5: =B5*(1+C5)^2 -> 884340 | F5: =B5*(1+C5)^3 -> 902026.8 | G5: =B5*(1+C5)^4 -> 920067.34 | H5: =B5*(1+C5)^5 -> 938468.68 | I5: =B5*(1+C5)^6 -> 957238.06 | J5: =B5*(1+C5)^7 -> 976382.82 | K5: =B5*(1+C5)^8 -> 995910.47 | L5: =B5*(1+C5)^9 -> 1015828.7 | M5: =B5*(1+C5)^10 -> 1036145.3
A6: Hell Intake (souls/day) | B6: ='📊 Dashboard'!I12 -> 350000 | C6: 0.015 | D6: =B6*(1+C6)^1 -> 355250 | E6: =B6*(1+C6)^2 -> 360578.75 | F6: =B6*(1+C6)^3 -> 365987.43 | G6: =B6*(1+C6)^4 -> 371477.24 | H6: =B6*(1+C6)^5 -> 377049.4 | I6: =B6*(1+C6)^6 -> 382705.14 | J6: =B6*(1+C6)^7 -> 388445.72 | K6: =B6*(1+C6)^8 -> 394272.41 | L6: =B6*(1+C6)^9 -> 400186.49 | M6: =B6*(1+C6)^10 -> 406189.29
A7: Purgatory Buffer (souls/day) | B7: ='📊 Dashboard'!I13 -> 144000 | C7: 0.01 | D7: =B7*(1+C7)^1 -> 145440 | E7: =B7*(1+C7)^2 -> 146894.4 | F7: =B7*(1+C7)^3 -> 148363.34 | G7: =B7*(1+C7)^4 -> 149846.98 | H7: =B7*(1+C7)^5 -> 151345.45 | I7: =B7*(1+C7)^6 -> 152858.9 | J7: =B7*(1+C7)^7 -> 154387.49 | K7: =B7*(1+C7)^8 -> 155931.37 | L7: =B7*(1+C7)^9 -> 157490.68 | M7: =B7*(1+C7)^10 -> 159065.59
A8: Net Heaven Surplus (day) | B8: =B5-B6 -> 500000 | C8: N/A | D8: =D5-D6 -> 511750 | E8: =E5-E6 -> 523761.25 | F8: =F5-F6 -> 536039.37 | G8: =G5-G6 -> 548590.09 | H8: =H5-H6 -> 561419.28 | I8: =I5-I6 -> 574532.91 | J8: =J5-J6 -> 587937.1 | K8: =K5-K6 -> 601638.07 | ... M8: =M5-M6 -> 629955.97
A9: Annualized Net Balance | B9: =B8*365 -> 182500000 | C9: N/A | D9: =D8*365 -> 186788750 | E9: =E8*365 -> 1.9117286e+08 | F9: =F8*365 -> 1.9565437e+08 | G9: =G8*365 -> 2.0023538e+08 | H9: =H8*365 -> 2.0491804e+08 | I9: =I8*365 -> 2.0970451e+08 | J9: =J8*365 -> 2.1459704e+08 | K9: =K8*365 -> 2.195979e+08 | ... M9: =M8*365 -> 2.2993393e+08

Sheet 📜 Historical Engagements
A1: HISTORICAL CELESTIAL-INFERNAL ENGAGEMENTS — ENGAGEMENT LOG
A3: Date / Era | B3: Engagement Name | C3: Heaven Forces | D3: Hell Forces | E3: Theater | F3: Outcome | G3: Souls at Stake | H3: Canonical Source | I3: Casualties (Heaven) | J3: Casualties (Hell)
A4: Pre-Creation | B4: The War in Heaven | C4: Michael + Loyal Angels | D4: Lucifer + 1/3 of Angels | E4: The Firmament | F4: HEAVEN VICTORY — Rebels cast down | G4: All souls (existential) | H4: Revelation 12:7-9; Isaiah 14:12 | I4: 0 | J4: ~33% of angels
A5: Garden of Eden | B5: Temptation of Eve | C5: Raphael (guardian) | D5: Serpent (Satan) | E5: Eden, Earth | F5: HELL TACTICAL WIN — Eden lost | G5: All of humanity | H5: Genesis 3:1-24 | I5: Delayed response | J5: 1 (Adam+Eve, expelled)
A6: c.1800 BC | B6: Binding of Azazel | C6: Raphael | D6: Azazel + Watchers | E6: Dudael Desert | F6: HEAVEN WIN — Azazel bound under rock | G6: Antediluvian humanity | H6: 1 Enoch 10:4-8 | I6: 0 | J6: Azazel bound
A7: Flood Era | B7: Great Deluge Enforcement | C7: Heavenly Waters Released | D7: Nephilim on Earth | E7: Global | F7: HEAVEN WIN — Nephilim destroyed | G7: ~7 billion (antediluvian) | H7: Genesis 6-8 | I7: 0 | J7: All Nephilim
A8: c.1446 BC | B8: 10 Plagues of Egypt | C8: Angel of Death (Azrael) | D8: Egyptian gods (demons) | E8: Egypt | F8: HEAVEN WIN — Israel freed | G8: Egyptian firstborn | H8: Exodus 7-12 | I8: 0 | J8: Estimated 10,000+
A9: c.701 BC | B9: Destruction of Sennacherib | C9: Angel of the LORD | D9: Assyrian Army (demonized) | E9: Jerusalem | F9: HEAVEN WIN — 185,000 slain overnight | G9: 185,000 soldiers | H9: 2 Kings 19:35 | I9: 0 | J9: 185,000
A10: c.30 AD | B10: Temptation of Christ | C10: Jesus + Angels (standby) | D10: Satan (direct) | E10: Wilderness, Temple | F10: HEAVEN WIN — Satan repelled 3x | G10: All of humanity | H10: Matthew 4:1-11 | I10: 0 | J10: 0 (tactical retreat)
A11: c.30 AD | B11: Harrowing of Hell | C11: Christ Descends | D11: Hell's gates and guards | E11: Sheol/Hell | F11: HEAVEN WIN — Righteous freed | G11: Old Testament righteous dead | H11: 1 Peter 3:18-20; Apostle's Creed | I11: 0 | J11: Hell's gates destroyed
A12: TBD | B12: Battle of Armageddon | C12: Michael, Heavenly Host, Christ | D12: Beast, False Prophet, Demonic Legions | E12: Megiddo Plains | F12: PROJECTED: HEAVEN WIN | G12: All remaining souls | H12: Revelation 16:16, 19:11-21 | I12: TBD | J12: All — cast in lake of fire
A13: TBD | B13: Final Judgment | C13: Christ, Angels, Saints | D13: Satan loosed; all demons | E13: New Heaven/Earth | F13: HEAVEN FINAL WIN — New Creation | G13: All souls ever | H13: Revelation 20:7-15 | I13: 0 | J13: Satan, Death, Hell permanently

Sheet 📐 Sin-Virtue Matrix
A1: SIN / VIRTUE TAXONOMY — COMPLETE CORRESPONDENCE MATRIX
A3: Deadly Sin | B3: Opposing Virtue | C3: Demonic Regent | D3: Angelic Counterpart | E3: Dante's Circle | F3: Color Association | G3: Element | H3: Planet (Medieval) | I3: Deadly Sin Index (1–7) | J3: Human Susceptibility % (est.)
A4: Pride | B4: Humility | C4: Lucifer | D4: Metatron / Michael | E4: 9 | F4: Violet | G4: Fire | H4: Sun | I4: 1 | J4: 0.72
A5: Envy | B5: Kindness | C5: Leviathan | D5: Gabriel | E5: 7 | F5: Green | G5: Water | H5: Moon | I5: 2 | J5: 0.65
A6: Wrath | B6: Patience | C6: Amon | D6: Chamuel | E6: 8 | F6: Red | G6: Fire | H6: Mars | I6: 3 | J6: 0.68
A7: Sloth | B7: Diligence | C7: Belphegor | D7: Raphael | E7: 5 | F7: Blue | G7: Earth | H7: Mercury | I7: 4 | J7: 0.8
A8: Greed | B8: Charity | C8: Mammon | D8: Zadkiel | E8: 4 | F8: Yellow | G8: Earth | H8: Jupiter | I8: 5 | J8: 0.76
A9: Gluttony | B9: Temperance | C9: Beelzebub | D9: Azrael | E9: 3 | F9: Orange | G9: Water | H9: Venus | I9: 6 | J9: 0.78
A10: Lust | B10: Chastity | C10: Asmodeus | D10: Haniel | E10: 2 | F10: Blue | G10: Water | H10: Venus | I10: 7 | J10: 0.82
